,player,team,opp_home,opp,week,rec_tgt,rec,rec_yds,rec_ydr,rec_td,rec_pct,rec_ydtgt,DK_pt,rush_att,rush_yds,rush_td,fmb,team_win,team_score,opp_score
0,Travis Kelce,KAN,1.0,LVR,10,10,8,119,14.88,0,80.00%,11.9,22.9,0,0,0,0,1.0,41,14
1,Hunter Henry,NWE,0.0,CLE,10,4,4,37,9.25,2,100.00%,9.25,19.7,0,0,0,0,1.0,45,7
2,Mark Andrews,BAL,1.0,MIA,10,8,6,63,10.5,1,75.00%,7.88,18.3,0,0,0,0,0.0,10,22
3,Tyler Conklin,MIN,1.0,LAC,10,5,3,11,3.67,2,60.00%,2.2,16.1,0,0,0,0,1.0,27,20
4,Gerald Everett,SEA,1.0,GNB,10,8,8,63,7.88,0,100.00%,7.88,14.3,0,0,0,0,0.0,0,17
5,Dan Arnold,JAX,1.0,IND,10,7,5,67,13.4,0,71.40%,9.57,13.7,0,0,0,0,0.0,17,23
6,Austin Hooper,CLE,1.0,NWE,10,5,4,25,6.25,1,80.00%,5.0,12.5,0,0,0,0,0.0,7,45
7,Noah Fant,DEN,0.0,PHI,10,6,5,59,11.8,0,83.30%,9.83,10.9,0,0,0,0,0.0,13,30
8,Albert Okwuegbunam,DEN,0.0,PHI,10,3,3,77,25.67,0,100.00%,25.67,10.7,0,0,0,0,0.0,13,30
9,Kyle Pitts,ATL,1.0,DAL,10,7,4,60,15.0,0,57.10%,8.57,10.0,0,0,0,0,0.0,3,43
10,Zach Ertz,ARI,0.0,CAR,10,6,4,46,11.5,0,66.70%,7.67,8.6,0,0,0,0,0.0,10,34
11,Adam Trautman,NOR,1.0,TEN,10,6,5,32,6.4,0,83.30%,5.33,8.2,0,0,0,0,0.0,21,23
12,Cameron Brate,TAM,1.0,WAS,10,3,1,6,6.0,1,33.30%,2.0,7.6,0,0,0,0,0.0,19,29
13,MyCole Pruitt,TEN,0.0,NOR,10,1,1,2,2.0,1,100.00%,2.0,7.2,0,0,0,0,1.0,23,21
14,Pat Freiermuth,PIT,0.0,DET,10,9,5,31,6.2,0,55.60%,3.44,7.1,0,0,0,1,,16,16
15,Noah Gray,KAN,1.0,LVR,10,3,1,1,1.0,1,33.30%,0.33,7.1,0,0,0,0,1.0,41,14
16,Geoff Swaim,TEN,0.0,NOR,10,5,4,26,6.5,0,80.00%,5.2,6.6,0,0,0,0,1.0,23,21
17,Adam Shaheen,MIA,0.0,BAL,10,4,3,34,11.33,0,75.00%,8.5,6.4,0,0,0,0,1.0,22,10
18,Darren Waller,LVR,0.0,KAN,10,7,4,24,6.0,0,57.10%,3.43,6.4,0,0,0,0,0.0,14,41
19,Jack Doyle,IND,0.0,JAX,10,5,3,31,10.33,0,60.00%,6.2,6.1,0,0,0,0,1.0,23,17
20,Ricky Seals-Jones,WAS,0.0,TAM,10,4,3,30,10.0,0,75.00%,7.5,6.0,0,0,0,0,1.0,29,19
21,Juwan Johnson,NOR,1.0,TEN,10,3,2,36,18.0,0,66.70%,12.0,5.6,0,0,0,0,0.0,21,23
22,John Bates,WAS,0.0,TAM,10,3,3,25,8.33,0,100.00%,8.33,5.5,0,0,0,0,1.0,29,19
23,Dallas Goedert,PHI,1.0,DEN,10,2,2,28,14.0,0,100.00%,14.0,4.8,0,0,0,0,1.0,30,13
24,Will Dissly,SEA,1.0,GNB,10,2,2,22,11.0,0,100.00%,11.0,4.2,0,0,0,0,0.0,0,17
25,Harrison Bryant,CLE,1.0,NWE,10,2,2,18,9.0,0,100.00%,9.0,3.8,0,0,0,0,0.0,7,45
26,Sean McKeon,DAL,0.0,ATL,10,2,2,15,7.5,0,100.00%,7.5,3.5,0,0,0,0,1.0,43,3
27,Eric Ebron,PIT,0.0,DET,10,2,2,13,6.5,0,100.00%,6.5,3.3,0,0,0,0,,16,16
28,Durham Smythe,MIA,0.0,BAL,10,1,1,23,23.0,0,100.00%,23.0,3.3,0,0,0,0,1.0,22,10
29,Ryan Griffin,NYJ,0.0,BUF,10,2,1,21,21.0,0,50.00%,10.5,3.1,0,0,0,0,0.0,17,45
30,Marcedes Lewis,GNB,0.0,SEA,10,2,2,10,5.0,0,100.00%,5.0,3.0,0,0,0,0,1.0,17,0
31,Josiah Deguara,GNB,0.0,SEA,10,3,2,9,4.5,0,66.70%,3.0,2.9,0,0,0,0,1.0,17,0
32,Dawson Knox,BUF,1.0,NYJ,10,1,1,17,17.0,0,100.00%,17.0,2.7,0,0,0,0,1.0,45,17
33,Donald Parham,LAC,0.0,MIN,10,2,1,17,17.0,0,50.00%,8.5,2.7,0,0,0,0,0.0,20,27
34,Jack Stoll,PHI,1.0,DEN,10,3,2,6,3.0,0,66.70%,2.0,2.6,0,0,0,0,1.0,30,13
35,Kylen Granson,IND,0.0,JAX,10,1,1,15,15.0,0,100.00%,15.0,2.5,0,0,0,0,1.0,23,17
36,Chris Herndon,MIN,1.0,LAC,10,2,1,14,14.0,0,50.00%,7.0,2.4,0,0,0,0,1.0,27,20
37,Dalton Schultz,DAL,0.0,ATL,10,2,1,14,14.0,0,50.00%,7.0,2.4,0,0,0,0,1.0,43,3
38,David Njoku,CLE,1.0,NWE,10,4,1,11,11.0,0,25.00%,2.75,2.1,0,0,0,0,0.0,7,45
39,Jared Cook,LAC,0.0,MIN,10,3,1,10,10.0,0,33.30%,3.33,2.0,0,0,0,0,0.0,20,27
40,Mo Alie-Cox,IND,0.0,JAX,10,2,1,6,6.0,0,50.00%,3.0,1.6,0,0,0,0,1.0,23,17
41,Tyler Davis,GNB,0.0,SEA,10,1,1,4,4.0,0,100.00%,4.0,1.4,0,0,0,0,1.0,17,0
42,Tommy Tremble,CAR,1.0,ARI,10,1,1,3,3.0,0,100.00%,3.0,1.3,0,0,0,0,1.0,34,10
43,Anthony Firkser,TEN,0.0,NOR,10,2,1,2,2.0,0,50.00%,1.0,1.2,0,0,0,0,1.0,23,21
44,Brock Wright,DET,1.0,PIT,10,2,1,2,2.0,0,50.00%,1.0,1.2,0,0,0,0,,16,16
45,Blake Bell,KAN,1.0,LVR,10,0,0,0,0.0,0,0.00%,0.0,0.3,1,3,0,0,1.0,41,14
46,Stephen Anderson,LAC,0.0,MIN,10,0,0,0,0.0,0,0.00%,0.0,0.0,0,0,0,0,0.0,20,27
47,Darrell Daniels,ARI,0.0,CAR,10,0,0,0,0.0,0,0.00%,0.0,0.0,0,0,0,0,0.0,10,34
48,Mike Gesicki,MIA,0.0,BAL,10,7,0,0,0.0,0,0.00%,0.0,0.0,0,0,0,0,1.0,22,10
49,Daniel Helm,LVR,0.0,KAN,10,0,0,0,0.0,0,0.00%,0.0,0.0,0,0,0,0,0.0,14,41
50,T.J. Hockenson,DET,1.0,PIT,10,1,0,0,0.0,0,0.00%,0.0,0.0,0,0,0,0,,16,16
51,Foster Moreau,LVR,0.0,KAN,10,0,0,0,0.0,0,0.00%,0.0,0.0,0,0,0,0,0.0,14,41
52,Josh Oliver,BAL,1.0,MIA,10,1,0,0,0.0,0,0.00%,0.0,0.0,0,0,0,0,0.0,10,22
53,Trevon Wesco,NYJ,0.0,BUF,10,0,0,0,0.0,0,0.00%,0.0,0.0,0,0,0,0,0.0,17,45
